Country code,Country,0-4,Oct-14,100+,15-19,20-24,25-29,30-34,35-39,40-44,45-49,05-Sep,50-54,55-59,60-64,65-69,70-74,75-79,80-84,85-89,90-94,95-99,Total Population,Total Population (in Millions)
108,Burundi,2053.84,1508.36,0.017,1216.932,1042.77,986.811,875.169,664.378,446.705,300.927,1818.607,259.788,232.186,201.291,138.34,70.37,41.759,21.866,8.435,1.964,0.266,11890.781,11.890781
174,Comoros,123.508,101.676,0.001,89.592,79.58,71.265,63.671,53.706,42.657,34.379,114.13,28.128,22.764,17.534,12.122,7.145,4.514,2.249,0.78,0.173,0.021,869.595,0.869595
262,Djibouti,99.162,88.543,0.004,90.777,90.208,87.12,86.291,76.125,66.787,54.135,97.948,42.4,35.677,26.328,18.006,13.937,8.393,4.165,1.563,0.382,0.051,988.002,0.988002
232,Eritrea,495.07,486.693,0.028,373.932,285.247,286.989,269.281,191.483,141.245,139.597,476.7,88.101,83.849,68.421,59.906,47.223,29.859,15.2,5.761,1.548,0.294,3546.427,3.546427
231,Ethiopia,16791.484,13853.199,0.444,12975.795,11746.856,9692.189,7518.893,6273.985,4933.945,4104.708,15246.064,3228.746,2475.32,2056.264,1568.29,1188.435,740.933,371.805,152.113,38.737,5.378,114963.583,114.963583
404,Kenya,7044.364,6736.223,0.009,6010.656,5236.593,4357.681,4022.692,3447.454,2759.45,2143.595,6969.546,1604.073,1201.53,888.215,630.611,381.067,193.272,101.724,36.394,5.808,0.343,53771.3,53.7713
450,Madagascar,4109.427,3330.79,0.128,3012.138,2675.744,2222.992,1829.738,1541.17,1314.071,1073.787,3653.51,858.467,681.298,529.275,385.933,224.722,135.141,73.493,29.957,7.933,1.305,27691.019,27.691019
454,Malawi,2923.943,2561.842,0.005,2176.211,1838.717,1538.801,1292.429,993.594,806.787,629.954,2738.576,481.315,364.833,277.622,202.626,152.766,91.476,42.803,13.354,2.162,0.139,19129.955,19.129955
480,Mauritius,64.048,80.576,0.119,94.588,94.111,102.698,88.439,86.669,99.352,82.738,68.838,85.134,90.215,75.135,62.855,44.574,24.639,15.427,7.907,2.924,0.781,1271.767,1.271767
175,Mayotte,36.078,34.932,0.017,29.634,24.882,18.745,17.143,15.843,14.988,12.361,35.396,9.196,6.968,5.276,4.096,2.925,2.073,1.247,0.66,0.27,0.083,272.813,0.272813
508,Mozambique,5156.628,4054.236,0.01,3541.222,2912.557,2381.938,1961.629,1627.11,1287.698,1001.59,4561.154,782.62,617.547,475.03,368.632,262.22,158.625,76.714,24.3,3.738,0.237,31255.435,31.255435
638,Réunion,64.839,67.994,0.129,70.868,63.842,54.43,49.114,50.337,57.479,59.847,67.553,65.357,60.058,49.683,40.874,27.831,19.703,13.273,7.558,3.251,1.288,895.308,0.895308
646,Rwanda,1885.105,1551.766,0.007,1354.029,1183.561,1027.482,978.578,833.976,609.132,460.962,1675.918,354.419,374.028,259.237,185.917,109.464,65.353,25.694,15.602,1.683,0.296,12952.209,12.952209
690,Seychelles,7.967,7.438,0.005,6.428,6.363,7.068,7.105,7.381,7.436,7.437,7.966,6.819,6.158,4.841,3.068,1.645,1.56,0.928,0.493,0.198,0.036,98.34,0.09834
706,Somalia,2826.505,2119.343,0.039,1818.247,1534.275,1159.601,868.582,665.822,561.005,492.889,2388.859,407.292,326.68,262.875,199.915,134.577,75.53,36.029,11.768,2.949,0.437,15893.219,15.893219
728,South Sudan,1707.392,1380.431,0.026,1201.47,1062.165,900.787,744.174,589.979,491.926,404.911,1538.29,332.202,263.323,201.377,143.56,112.23,70.396,33.934,12.064,2.729,0.363,11193.729,11.193729
800,Uganda,7796.039,6192.176,0.006,5257.248,4328.181,3544.494,2848.524,2252.576,1765.404,1368,7059.913,1065.593,786.842,567.734,406.591,261.489,150.509,63.645,22.445,3.394,0.197,45741,45.741
834,United Republic of Tanzania,9738.602,7654.58,0.007,6434.462,5262.555,4583.694,3902.89,3259.038,2684.793,2135.934,8623.714,1660.783,1265.852,948.189,674.611,472.213,269.023,121.856,36.082,5.088,0.247,59734.213,59.734213
894,Zambia,2946.454,2428.598,0.005,2121.583,1746.939,1433.444,1193.475,991.719,808.231,605.658,2717.088,433.597,327.662,237.554,166.281,112.763,67.202,32.916,10.863,1.803,0.121,18383.956,18.383956
716,Zimbabwe,2097.448,1921.06,0.019,1638.895,1377.829,1105.162,994.874,872.602,737.527,520.295,2210.712,389.42,308.669,240.442,184.973,114.658,85.7,43.888,15.46,3.027,0.267,14862.927,14.862927
24,Angola,5795.004,4349.261,0.038,3532.518,2882.566,2423.471,2040.757,1658.972,1330.695,1082.04,5104.164,787.212,677.39,481.968,303.929,212.513,119.216,59.937,19.878,4.259,0.48,32866.268,32.866268
120,Cameroon,4115.703,3320.209,0.004,2856.25,2419.998,2131.789,1860.818,1539.024,1203.235,938.608,3730.323,729.131,559.346,420.4,312.899,209.912,122.822,56.789,16.301,2.193,0.11,26545.864,26.545864
140,Central African Republic,738.242,667.354,0.002,597.254,482.771,357.219,277.127,224.208,182.948,156.581,697.367,129.029,103.567,80.954,58.107,37.685,23.821,11.481,3.491,0.523,0.033,4829.764,4.829764
148,Chad,2930.435,2183.878,0.027,1854.85,1535.501,1245.516,989.985,779.661,610.04,472.791,2522.114,362.367,292.28,236.024,181.325,112.184,68.477,33.615,11.769,2.661,0.359,16425.859,16.425859
178,Congo,821.959,684.997,0,572.967,476.267,397.994,353.823,326.256,293.52,242.294,770.376,188.974,138.918,97.295,67.442,43.871,25.526,11.703,3.415,0.473,0.022,5518.092,5.518092
180,Democratic Republic of the Congo,15827.439,11527.51,0.179,9472.51,7729.713,6439.523,5340.933,4421.401,3629.088,2976.441,13659.867,2421.737,1925.266,1486.411,1099.43,789.01,479.676,232.525,81.751,18.575,2.419,89561.404,89.561404
226,Equatorial Guinea,199.653,144.346,0,120.951,138.192,148.193,143.663,105.318,68.702,46.66,172.01,37.187,25.03,19.668,15.211,9.124,5.597,2.536,0.823,0.115,0.006,1402.985,1.402985
266,Gabon,320.376,229.39,0,193.38,179.407,188.006,188.812,161.254,128.844,103.32,279.63,78.748,55.404,40.613,30.69,22.07,14.623,7.86,2.816,0.462,0.023,2225.728,2.225728
678,Sao Tome and Principe,31.754,29.106,0.001,25.003,18.677,14.948,14.083,12.548,11.052,7.628,30.657,7.361,5.419,4.332,2.75,1.744,1.02,0.724,0.257,0.087,0.01,219.161,0.219161
72,Botswana,271.775,246.528,0.002,225.505,203.74,198.769,187.256,178.033,149.075,111.94,267.23,80.357,66.226,59.085,45.166,29.546,19.012,8.378,3.156,0.769,0.077,2351.625,2.351625
748,Eswatini,143.677,147.779,0.003,129.239,112.817,100.07,82.554,78.775,60.204,44.195,142.943,29.594,22.123,19.639,16.883,13.551,9.034,4.904,1.779,0.361,0.04,1160.164,1.160164
426,Lesotho,253.513,211.871,0.011,216.95,203.923,191.269,174.746,152.535,119.473,90.778,225.235,74.699,66.072,55.17,41.643,29.688,18.621,10.314,4.562,1.065,0.114,2142.252,2.142252
516,Namibia,336.078,281.578,0.002,244.856,244.311,228.398,197.388,159.459,130.73,106.827,318.448,82.468,67.866,51.391,36.07,24.28,16.851,9.349,3.642,0.85,0.074,2540.916,2.540916
710,South Africa,5764.945,5495.963,0.052,4913.211,4924.091,5217.398,5374.11,4781.215,3810.04,3233.235,5820.66,2692.132,2219.4,1794.715,1369.726,895.217,580.838,298.42,103.954,18.094,1.274,59308.69,59.30869
204,Benin,1908.329,1488.071,0.045,1291.415,1115.836,945.932,785.32,651.123,538.732,443.1,1688.621,363.185,287.496,218.586,160.597,111.041,73.794,35.315,12.926,3.234,0.5,12123.198,12.123198
854,Burkina Faso,3472.482,2722.658,0.001,2306.885,1919.894,1588.171,1320.365,1107.668,893.047,694.086,3079.706,553.579,423.911,316.842,222.035,148.021,86.216,36.133,9.873,1.579,0.126,20903.278,20.903278
132,Cabo Verde,51.932,51.053,0.005,48.884,45.959,51.886,52.533,45.753,35.784,29.122,53.144,25.257,22.655,15.414,10.959,4.731,4.325,3.896,2.082,0.56,0.054,555.988,0.555988
384,Côte d'Ivoire,4131.2,3198.933,0.003,2905.925,2538.481,2122.513,1741.072,1431.143,1185.297,932.255,3619.086,738.521,598.705,474.769,347.297,214.636,127.108,54.992,14.476,1.776,0.087,26378.275,26.378275
270,Gambia,409.506,299.82,0,257.037,228.183,200.996,160.385,122.746,97.721,76.346,352.804,65.53,50.381,34.036,25.245,19.007,11.001,4.536,1.198,0.174,0.012,2416.664,2.416664
288,Ghana,4169.436,3479.871,0.015,3136.85,2860.336,2538.255,2266.062,1924.356,1625.913,1405.337,3888.435,1189.26,945.719,667.312,423.755,298.344,158.446,69.641,21.412,3.84,0.35,31072.945,31.072945
324,Guinea,2100.111,1687.906,0.004,1511.548,1305.025,1060.714,828.439,642.427,500.181,398.258,1865.513,332.921,281.603,230.427,177.722,105.836,65.414,29.197,8.182,1.27,0.094,13132.792,13.132792
624,Guinea-Bissau,305.111,242.778,0,207.251,180.991,161.393,138.905,115.601,87.932,68.643,277.238,51.101,41.087,33.175,27.241,15.609,9.028,3.701,1.062,0.144,0.007,1967.998,1.967998
430,Liberia,740.493,623.08,0,551.945,463.072,377.781,334.305,295.503,245.405,198.791,678.323,158.075,125.753,97.312,71.158,45.007,31.448,15.002,4.52,0.667,0.037,5057.677,5.057677
466,Mali,3605.514,2759.052,0.007,2250.41,1775.973,1427.845,1167.473,992.982,827.089,658.872,3154.805,489.221,359.898,280.058,221.233,141.233,89.85,36.676,10.714,1.791,0.138,20250.834,20.250834
478,Mauritania,689.874,537.394,0.009,470.161,416.127,371.775,334.301,285.478,234.615,188.017,617.954,149.658,117.492,89.051,62.022,41.686,25.5,12.755,4.616,1.042,0.133,4649.66,4.64966
562,Niger,4787.474,3265.89,0.004,2635.235,2086.862,1630.495,1265.908,993.107,838.025,690.669,3970.552,561.35,485.5,367.144,277.605,189.654,106.305,41.928,11.144,1.661,0.124,24206.636,24.206636
566,Nigeria,33938.795,25792.743,0.03,21910.447,18068.574,15108.845,13044.512,11323.538,9458.643,7578.818,29913.646,5943.469,4756.702,3656.623,2601.903,1716.912,906.791,333.348,75.438,9.171,0.639,206139.587,206.139587
686,Senegal,2615.341,2098.919,0.006,1764.783,1519.042,1304.492,1110.693,940.599,741.966,589.862,2417.24,467.265,367.435,285.866,219.898,145.623,93.559,45.112,13.764,2.28,0.185,16743.93,16.74393
694,Sierra Leone,1158.651,992.319,0.017,874.877,754.021,651.493,553.893,463.157,373.119,299.775,1067.234,236.393,182.74,135.799,98.226,68.339,40.47,18.574,6.264,1.426,0.198,7976.985,7.976985
768,Togo,1220.06,1023.991,0,891.005,743.733,631.528,567.255,497.302,414.564,329.953,1120.121,254.832,195.882,148.012,107.925,71.771,39.722,16.179,4.241,0.616,0.045,8278.737,8.278737
12,Algeria,5041.518,3821.402,0.963,2910.345,2999.837,3573.878,3727.719,3547.516,3014.029,2434.59,4635.972,2061.884,1738.172,1387.342,1143.2,723.938,513.896,343.627,171.049,51.37,8.796,43851.043,43.851043
818,Egypt,12697.212,9684.339,0.967,8701.092,8416.595,8094.535,8065.175,7133.174,6040.505,4908.097,12331.328,4213.235,3631.657,2961.315,2161.342,1665.619,865.361,483.976,209.595,59,10.284,102334.403,102.334403
434,Libya,623.998,623.749,0.033,561.995,542.181,553.235,585.24,578.228,564.55,484.65,661.423,371.907,245.247,163.904,120.355,79.791,59.135,33.901,13.772,3.511,0.482,6871.287,6.871287
504,Morocco,3325.038,3127.603,0.061,2969.593,2874.344,3008.934,2862.559,2743.797,2360.473,2091.959,3427.577,1924.565,1819.219,1567.238,1167.781,682.105,514.973,310.457,110.917,19.893,1.472,36910.558,36.910558
729,Sudan,6339.078,5322.924,0.282,4800.733,4159.388,3467.77,2799.335,2403.91,2026.888,1700.431,5789.728,1424.556,1128.395,875.056,660.904,455.13,277.921,142.873,55.962,15.291,2.714,43849.269,43.849269
788,Tunisia,1004.154,853.066,0.25,786.872,821.287,904.059,928.189,985.875,846.845,725.626,1013.605,711.339,650.167,538.872,423.722,250.363,173.743,119.672,61.5,16.314,3.098,11818.618,11.818618
732,Western Sahara,56.47,49.832,0.001,48.537,50.165,54.82,56.162,52.553,45.719,37.075,56.124,29.218,22.733,17.632,10.742,5.094,2.518,1.317,0.481,0.121,0.016,597.33,0.59733
51,Armenia,204.987,198.453,0.216,170.477,176.497,232.427,267.191,236.762,190.759,162.329,213.872,163.255,199.398,197.081,131.321,84.343,42.4,59.254,21.8,9.083,1.329,2963.234,2.963234
31,Azerbaijan,825.398,698.221,0.108,637.237,719.127,889.858,941.226,825.466,664.205,616.598,860.64,628.449,652.627,496.586,307.722,152.039,90.723,87.797,35.125,8.731,1.292,10139.175,10.139175
48,Bahrain,108.054,92.954,0.007,88.901,91.684,214.986,293.461,214.272,148.286,108.435,110.081,81.177,59.054,45.12,21.452,10.958,6.86,3.957,1.315,0.509,0.06,1701.583,1.701583
196,Cyprus,64.817,67.755,0.099,73.902,93.462,98.34,96.456,91.933,87.237,79.391,67.576,75.782,71.756,64.989,55.412,45.844,32.837,23.171,11.479,4.269,0.854,1207.361,1.207361
268,Georgia,268.345,253.462,0.122,217.595,233.413,267.285,289.585,275.491,263.948,253.998,284.818,245.82,277.803,249.13,210.728,150.386,98.4,96.49,36.977,13.533,1.846,3989.175,3.989175
368,Iraq,5380.423,4559.181,0.167,4151.576,3799.871,3365.719,2927.362,2476.321,2150.018,1786.602,5229.807,1414.995,926.157,669.716,622.677,331.945,241.773,126.606,48.393,11.524,1.67,40222.503,40.222503
376,Israel,847.828,737.609,1.248,667.454,623.973,573.002,564.708,557.537,543.672,496.505,823.268,417.521,377.975,349.957,353.686,288.699,170.961,124.414,83.85,40.126,11.548,8655.541,8.655541
400,Jordan,1058.122,1139.559,0.028,1040.294,940.151,862.385,777.482,713.126,606.717,534.628,1154.441,433.223,322.368,217.239,149.039,111.528,79.223,43.119,16.283,3.741,0.444,10203.14,10.20314
414,Kuwait,289.689,308.23,0,224.996,207.094,237.788,366.397,512.159,514.762,450.607,318.637,347.201,214.098,149.263,71,32.152,16.398,7.941,1.992,0.143,0.016,4270.563,4.270563
422,Lebanon,566.127,558.896,0.15,576.101,593.172,583.402,522.019,487.627,453.018,409.725,586.03,390.373,334.405,249.291,198.476,131.481,80.092,62.774,32.67,8.188,1.425,6825.442,6.825442
512,Oman,453.666,315.751,0.215,214.553,329.057,756.486,868.013,571.807,400.326,284.643,378.907,181.717,133.883,89.584,53.203,28.263,24.795,12.881,5.639,2.459,0.774,5106.622,5.106622
634,Qatar,135.162,122.418,0.089,105.982,237.443,479.928,495.152,351.028,254.998,206.802,135.374,155.604,98.557,53.949,27.847,12.864,3.861,2.294,1.05,0.516,0.142,2881.06,2.88106
682,Saudi Arabia,2978.337,2641.499,0.311,2218.782,2333.131,3021.629,3437.937,3542.426,3577.563,2831.226,2977.879,1891.746,1324.826,818.937,554.584,293.041,200.815,106.173,45.013,14.924,3.088,34813.867,34.813867
275,State of Palestine,692.913,592.433,0.012,517.06,498.642,467.083,369.818,294.478,247.141,200.999,671.615,166.831,130.487,87.852,64.001,48.34,29.495,15.43,5.396,1.216,0.174,5101.416,5.101416
760,Syrian Arab Republic,1919.096,1749.863,0.164,1575.262,1603.5,1496.483,1520.848,1386.345,1095.036,833.865,1716.807,689.438,595.908,465.146,357.219,209.32,146.227,84.923,41.886,11.541,1.78,17500.657,17.500657
792,Turkey,6567.148,6773.238,1.277,6821.911,6770.019,6404.144,6394.98,6379.751,6008.074,5438.505,6852.122,4755.468,4152.955,3446.2,2746.192,1970.496,1383.083,877.363,453.346,124.984,17.811,84339.067,84.339067
784,United Arab Emirates,499.138,453.459,0.031,389.532,715.753,1433.59,1795.746,1373.568,916.021,692.088,512.575,456.601,341.312,185.966,56.741,36.26,19.624,7.159,4.008,0.956,0.272,9890.4,9.8904
887,Yemen,4115.306,3548.681,0.078,3201.593,2925.246,2807.5,2329.316,1811.122,1362.091,1000.713,3918.102,773.313,649.522,509.267,370.183,258.978,144.493,69.141,24.423,5.989,0.911,29825.968,29.825968
398,Kazakhstan,1920.184,1604.307,0.224,1116.616,1100.046,1473.146,1657.57,1335.925,1183.701,1102.72,1947.826,977.68,1061.761,811.338,627.571,319.982,232.523,215.623,62.111,22.784,3.069,18776.707,18.776707
417,Kyrgyzstan,760.255,600.626,0.056,500.075,514.389,568.551,572.187,442.518,361.459,324.976,769.195,295.973,285.462,220.069,143.755,78.619,32.595,32.507,15.592,4.435,0.897,6524.191,6.524191
762,Tajikistan,1356.75,977.078,0.017,811.289,833.803,814.719,786.165,604.166,472.633,409.766,1220.86,372.286,328.604,246.25,141.64,77.992,39.614,29.793,10.476,3.39,0.351,9537.642,9.537642
795,Turkmenistan,661.065,524.183,0.072,484.56,461.537,548.254,525.197,432.688,378.455,319.366,671.865,283.597,251.862,200.994,133.45,68.644,34.814,32.508,12.789,4.582,0.705,6031.187,6.031187
860,Uzbekistan,3431.637,2925.422,0.479,2535.432,2782.336,3164.651,3030.397,2546.798,2105.4,1825.1,3282.087,1568.642,1500.119,1168.385,771.243,343.946,228.204,163.802,67.757,23.65,3.712,33469.199,33.469199
4,Afghanistan,5672.509,5192.114,0.039,4629.445,3926.485,3109.386,2478.259,2056.387,1658.723,1304.736,5416.223,1032.359,807.839,612.638,444.858,312.451,168.004,75.605,24.46,5.192,0.629,38928.341,38.928341
50,Bangladesh,14328.179,15089.278,5.741,15585.144,15239.226,14525.807,13763.089,12748.544,11225.285,9425.985,14644.431,8304.795,6700.908,4500.389,2796.448,2357.159,1738.653,1021.347,483.031,167.128,38.816,164689.383,164.689383
64,Bhutan,63.855,66.263,0.066,69.73,74.308,79.006,75.718,62.963,50.275,39.329,61.973,33.389,25.625,21.303,15.605,12.754,9.48,5.681,2.856,1.116,0.317,771.612,0.771612
356,India,116879.507,126155.952,47.939,126045.566,122504.804,117397.269,112176.098,103460.178,90219.894,79440.28,117982.127,68875.962,59256.268,48890.528,38260.283,24091.443,15083.955,8489.011,3531.139,992.985,223.197,1380004.385,1380.004385
364,Iran (Islamic Republic of),7637.559,6217.945,0.518,5529.983,5556.228,6786.679,8466.702,8272.744,6491.321,5164.295,6928.297,4618.479,3676.852,3132.274,2264.631,1448.001,906.606,551.612,277.481,56.676,8.07,83992.953,83.992953
462,Maldives,35.579,33.125,0.011,26.313,51.053,88.631,82.881,54.726,36.768,27.881,37.242,20.03,15.286,11.607,6.557,4.381,4.085,2.754,1.217,0.341,0.074,540.542,0.540542
524,Nepal,2706.773,2931.249,0.098,3188.881,3221.524,2664.85,2069.262,1723.48,1597.026,1448.627,2756.21,1263.391,1044.309,823.091,664.987,473.733,337.802,152.514,54.15,13.263,1.588,29136.808,29.136808
586,Pakistan,27962.852,23451.518,0.84,21975.918,20772.274,19158.088,16818.327,13997.696,11615.522,9633.225,25499.38,8230.713,6891.9,5279.09,3623.324,2705.744,1853.185,961.863,364.849,85.303,10.72,220892.331,220.892331
144,Sri Lanka,1660.41,1721.661,0.575,1664.559,1495.651,1406.206,1352.386,1467.635,1524.435,1356.67,1689.625,1317.276,1237.542,1113.872,899.324,727.431,418.906,208.11,106.461,37.893,6.622,21413.25,21.41325
156,China,83932.437,84262.751,74.692,82341.859,87158.167,97989.003,128738.97,100091.455,96274.146,119837.617,86735.183,123445.382,98740.491,77514.139,74149.766,44949.689,26544.616,16181.417,7581.777,2305.024,475.193,1439323.774,1439.323774
344,"China, Hong Kong SAR",362.563,285.856,3.561,266.803,374.346,493.283,536.342,585.823,565.562,563.568,301.632,568.882,639.024,589.09,459.791,344.127,180.957,177.823,119.62,59.859,18.476,7496.988,7.496988
446,"China, Macao SAR",35.933,24.392,0.078,22.442,36.025,52.307,67.616,62.186,43.958,49.444,32.884,46.928,52.687,44.803,34.191,20.659,9.222,6.575,4.394,2.079,0.539,649.342,0.649342
158,"China, Taiwan Province of China",1011.137,975.803,4.192,1213.008,1502.279,1618.075,1621.625,1926.961,2032.452,1755.391,1041.749,1806.638,1852.58,1684.376,1416.638,903.13,585.67,438.185,272.016,122.053,32.817,23816.775,23.816775
408,Dem. People's Republic of Korea,1746.093,1684.99,0.267,1876.239,1940.873,1984.843,1851.025,1790.869,1556.431,2157.885,1684.278,2140.489,1482.297,1472.517,662.166,745.082,558.877,308.657,105.826,25.428,3.683,25778.815,25.778815
392,Japan,4778.481,5564.526,78.636,5702.645,5996.877,6150.448,6789.745,7665.671,8468.421,10004.654,5401.488,8658.611,7882.904,7496.122,8379.113,9127.318,7058.057,5339.049,3630.344,1785.823,517.525,126476.458,126.476458
496,Mongolia,375.46,281.841,0.023,218.602,228.499,271.517,309.399,254.881,222.852,200.194,362.015,168.357,145.695,97.609,60.753,35.624,24.265,13.237,5.717,1.506,0.246,3278.292,3.278292
410,Republic of Korea,1897.011,2276.782,4.347,2476.476,3216.244,3500.05,3282.425,3797.414,3924.934,4293.91,2256.802,4315.516,4161.183,3774.566,2679.14,1998.091,1562.555,1083.829,540.103,184.909,42.896,51269.183,51.269183
96,Brunei Darussalam,31.672,31.309,0.005,33.775,35.2,34.496,38.141,38.427,35.64,32.363,34.683,27.992,22.229,17.186,11.327,6.211,3.358,2.175,0.958,0.281,0.055,437.483,0.437483
116,Cambodia,1778.977,1639.744,0.04,1460.325,1528.306,1589.299,1241.298,1647.97,626.899,802.188,1751.61,732.822,654.662,453.519,363.257,221.238,131.207,63.482,25.586,5.785,0.757,16718.971,16.718971
360,Indonesia,23658.296,22984.659,1.563,23318.346,22653.27,20918.156,19973.248,21193.374,19680.74,18165.985,24298.15,15954.982,13200.117,10394.846,7136.365,4617.543,2956.932,1631.677,593.134,168.993,23.245,273523.621,273.523621
418,Lao People's Democratic Republic,796.887,757.599,0.02,708.652,691.999,670.626,590.926,495.603,416.557,356.127,769.855,288.932,237.645,184.27,133.701,84.637,51.527,27.328,10.037,2.34,0.288,7275.556,7.275556
458,Malaysia,2635.111,2446.026,1.095,2669.743,2863.057,2907.311,2929.646,2721.572,2095.698,1894.835,2508.078,1674.475,1471.562,1223.817,927.548,657.88,367.301,229.56,103.35,31.442,6.891,32365.998,32.365998
104,Myanmar,4508.556,4845.4,0.219,5071.244,4759.011,4404.07,4127.737,3945.262,3759.985,3459.985,4512.705,3051.348,2521.871,2049.578,1554.386,891.296,531.734,279.501,108.124,24.686,3.096,54409.794,54.409794
608,Philippines,10616.342,10906.801,1.797,10462.894,10104.334,9479.78,8247.197,7254.73,6551.963,5759.264,11397.952,5116.997,4249.923,3393.186,2485.685,1661.429,978.19,580.536,241.033,76.064,14.988,109581.085,109.581085
702,Singapore,258.176,240.625,0.751,265.169,397.537,435.521,434.677,461.938,473.271,491.602,220.861,466.411,479.811,443.631,355.694,190.228,99.406,73.381,40.499,16.981,4.173,5850.343,5.850343
764,Thailand,3596.052,4113.805,8.766,4378.506,4807.904,4822.404,4466.694,4763.033,5308.84,5605.417,3843.78,5598.953,5082.441,4367.653,3256.703,2282.338,1584.23,1070.912,563.683,225.198,52.666,69799.978,69.799978
626,Timor-Leste,178.084,153.73,0.003,152.986,129.785,115.123,89.86,69.167,46.63,54.158,153.794,48.162,40.311,30.184,19.96,17.932,10.982,5.447,1.695,0.401,0.048,1318.442,1.318442
704,Viet Nam,7892.471,7098.174,23.85,6500.869,6820.203,8569.293,8437.027,7763.897,7033.826,6539.136,7586.101,5868.357,5241.611,4330.954,3011.733,1651.958,1126.514,860.586,609.173,274.625,98.225,97338.583,97.338583
28,Antigua and Barbuda,7.355,6.814,0.004,7.053,7.579,7.315,7.066,7.028,6.916,6.944,7.228,6.799,6.033,4.658,3.385,2.501,1.6,0.923,0.51,0.182,0.035,97.928,0.097928
533,Aruba,6.08,6.8,0.004,7.21,7.565,7.415,5.424,5.82,6.74,7.531,5.677,8.142,9.063,7.706,6.048,4.302,2.656,1.631,0.715,0.203,0.034,106.766,0.106766
44,Bahamas,27.064,31.293,0.008,32.502,33.496,33.072,28.015,27.442,27.577,28.919,26.59,25.569,23.653,17.584,11.846,8.023,5.622,3.187,1.309,0.405,0.072,393.248,0.393248
52,Barbados,15.12,17.547,0.204,18.965,18.769,18.809,18.101,19.023,18.804,20.263,15.498,19.635,20.301,18.54,15.033,11.889,8.265,6.109,3.77,2.017,0.709,287.371,0.287371
192,Cuba,571.283,603.903,3.143,642.829,701.268,719.751,831.041,691.992,617.644,944.338,628.093,998.474,968.821,606.994,567.028,449.129,355.078,229.564,121.626,56.178,18.439,11326.616,11.326616
531,Curaçao,8.996,10.497,0.046,11.077,9.501,10.037,9.328,9.395,9.236,11.045,10.335,11.639,12.787,11.234,9.471,7.787,5.218,3.516,1.911,0.795,0.249,164.1,0.1641
214,Dominican Republic,1002.829,977.245,2.399,958.63,939.563,914.754,825.573,738.809,668.263,606.226,996.519,541.435,472.9,388.564,293.575,204.15,137.35,94.846,52.907,23.314,8.053,10847.904,10.847904
308,Grenada,9.012,8.623,0.003,7.514,8.699,9.59,9.345,8.865,6.561,6.31,9.119,5.917,6.228,5.718,3.858,2.793,1.995,1.386,0.702,0.243,0.038,112.519,0.112519
312,Guadeloupe,22.897,28.714,0.299,29.799,28.16,18.718,16.279,17.481,21.521,27.786,22.097,30.74,31.462,27.039,23.53,19.38,13.562,9.728,6.399,3.344,1.192,400.127,0.400127
332,Haiti,1262.943,1202.069,0.329,1144.46,1065.198,979.259,905.799,825.857,627.216,479.271,1237.836,423.749,365.875,292.954,230.978,150.812,109.403,61.69,26.502,8.369,1.964,11402.533,11.402533
388,Jamaica,230.823,226.882,0.214,239.718,261.17,254.326,232.494,210.889,178.572,178.858,233.966,171.265,149.268,124.125,90.416,70.719,48.802,32.092,17.745,7.326,1.491,2961.161,2.961161
474,Martinique,18.353,22.799,0.235,24.323,24.395,16.977,16.928,17.174,18.747,25.44,17.6,30.456,32.339,28.311,24.156,19.568,14.104,11.245,7.638,3.361,1.116,375.265,0.375265
630,Puerto Rico,84.291,210.323,1.66,184.343,143.483,145.27,156.591,174.926,196.071,203.173,156.033,211.742,202.442,196.316,164.709,157.59,116.091,78.201,47.361,22.265,7.959,2860.84,2.86084
662,Saint Lucia,10.826,11.152,0.033,13.183,15.87,16.946,14.292,14.155,12.886,12.631,10.986,12.357,11.018,8.417,6.138,4.88,3.477,2.405,1.24,0.58,0.157,183.629,0.183629
670,Saint Vincent and the Grenadines,7.706,8.355,0.005,9.073,9.29,8.212,7.94,7.771,7.523,6.961,8.241,6.782,6.808,5.289,3.887,2.721,1.782,1.44,0.9,0.227,0.034,110.947,0.110947
780,Trinidad and Tobago,88.366,96.32,0.088,89.49,85.696,97.306,116.833,126.028,101.245,90.197,96.085,82.715,92.347,75.717,60.176,43.96,29.694,16.45,7.361,2.768,0.649,1399.491,1.399491
850,United States Virgin Islands,5.97,7.242,0.011,6.776,6.484,6.247,4.688,5.043,5.541,6.225,6.898,7.085,7.364,7.458,6.563,6.347,4.554,2.393,1.079,0.367,0.088,104.423,0.104423
84,Belize,39.446,37.997,0.012,39.853,39.341,36.478,32.103,27.612,23.055,20.903,38.66,17.481,14.329,10.45,7.364,5.019,3.292,2.263,1.271,0.607,0.085,397.621,0.397621
188,Costa Rica,348.002,355.406,0.632,363.431,400.231,424.225,430.581,395.074,348.236,302.326,357.596,304.942,297.453,244.307,178.701,138.64,92.225,59.91,33.38,14.689,4.127,5094.114,5.094114
222,El Salvador,576.216,577.896,0.235,587.927,633.084,582.73,474.241,408.201,381.604,343.538,570.607,303.127,264.944,220.967,185.329,139.605,108.786,74.608,37.717,12.339,2.5,6486.201,6.486201
320,Guatemala,2065.382,1926.021,0.464,1945.584,1802.495,1610.664,1354.136,1177.928,956.404,745.589,1982.085,583.906,469.911,392.152,326.7,221.43,161.077,108.841,58.937,21.501,4.36,17915.567,17.915567
340,Honduras,1017.017,1023.648,0.491,1040.99,1014.731,890.687,783.566,687.371,579.933,467.803,988.975,381.155,298.856,237.302,182.776,122.731,82.58,55.285,31.705,13.285,3.721,9904.608,9.904608
484,Mexico,10958.742,11140.87,12.962,11209.593,10939.819,10795.774,9789.88,9090.15,8531.964,8015.794,11210.511,6924.917,5833.054,4669.454,3595.499,2466.707,1722.006,1058.504,609.984,275.132,81.437,128932.753,128.932753
558,Nicaragua,656.942,637.14,0.414,603.021,584.71,581.29,549.059,506.393,421.195,341.842,660.204,273.901,233.419,199.33,149.422,83.411,67.091,42.806,21.955,8.657,2.352,6624.554,6.624554
591,Panama,389.313,369.411,1.105,357.198,349.063,329.192,317.131,301.464,288.124,268.271,384.466,234.644,198.335,159.727,122.905,91.619,66.189,44.016,25.732,12.41,4.453,4314.768,4.314768
32,Argentina,3736.651,3597.262,4.118,3539.449,3477.335,3520.249,3318.98,3122.432,3089.901,2637.843,3709.817,2301.731,2123.209,1883.733,1645.009,1337.223,963.414,634.684,364.685,152.346,35.706,45195.777,45.195777
68,Bolivia (Plurinational State of),1185.499,1161.012,1.512,1136.684,1065.189,974.345,870.945,768.154,667.885,570.458,1179.088,480.562,403.03,336.191,279.127,225.44,166.501,106.906,60.027,26.533,7.941,11673.029,11.673029
76,Brazil,14475.093,14942.442,21.15,16218.004,17152.049,16952.594,17147.907,17328.855,15661.313,13800.693,14601.817,12822.932,11598.27,9468.159,7428.703,5309.419,3492.132,2317.208,1175.24,510.827,134.602,212559.409,212.559409
152,Chile,1162.223,1249.637,3.731,1244.242,1402.909,1592.629,1545.821,1399.583,1324.096,1254.308,1265.856,1214.595,1137.676,982.299,809.488,581.299,411.827,274.26,162.146,77.228,20.356,19116.209,19.116209
170,Colombia,3710.699,3873.485,4.003,4246.391,4421.466,4425.595,4056.807,3753.492,3421.069,3029.718,3703.456,2908.465,2635.515,2086.45,1684.908,1187.636,792.125,516.269,278.541,115.655,31.139,50882.884,50.882884
218,Ecuador,1667.087,1555.045,2.509,1560.94,1566.534,1469.654,1363.153,1229.686,1099.016,989.224,1610.643,864.304,726.835,601.634,486.104,328.07,242.054,152.26,82.385,35.077,10.846,17643.06,17.64306
254,French Guiana,35.621,28.955,0.012,28.598,25.329,20.78,18.573,20.146,19.499,17.491,30.5,14.918,11.793,9.853,7.373,4.377,2.845,1.196,0.506,0.241,0.076,298.682,0.298682
328,Guyana,73.864,70.499,0.13,74.852,77.395,67.911,44.034,49.075,45.3,45.225,73.764,42.774,36.563,30.245,21.111,15.024,7.916,6.768,2.178,1.268,0.663,786.559,0.786559
600,Paraguay,701.092,676.926,0.321,659.352,677.788,643.255,595.068,514.058,406.934,320.704,682.819,290.815,257.549,220.376,181.786,127.51,86.215,53.863,24.197,9.67,2.232,7132.53,7.13253
604,Peru,2833.265,2696.055,1.486,2438.549,2608.093,2767.692,2693.379,2537.783,2300.83,2045.834,2612.135,1792.13,1521.749,1247.472,1029.167,732.079,523.33,345.376,174.546,58.589,12.307,32971.846,32.971846
740,Suriname,52.186,51.594,0.023,50.637,48.736,47.036,42.969,39.817,35.203,37.521,52.645,32.863,31.965,21.601,15.327,11.343,7.342,4.711,2.178,0.771,0.166,586.634,0.586634
858,Uruguay,236.656,233.314,2.143,245.615,254.065,257.495,239.616,221.53,234.364,220.656,236.414,196.341,194.736,178.824,149.097,123.811,96.455,70.331,48.223,25.232,8.809,3473.727,3.473727
862,Venezuela (Bolivarian Republic of),2363.409,2657.796,2.878,2500.772,2101.628,2028.711,2064.324,1963.597,1867.72,1697.254,2731.19,1599.831,1415.152,1177.441,865.114,603.581,386.279,226.565,118.75,49.076,14.875,28435.943,28.435943
36,Australia,1669.707,1610.574,4.337,1519.906,1594.568,1780.886,1875.461,1842.883,1628.711,1677.349,1639.267,1558.324,1549.411,1418.526,1232.661,1083.379,762.997,522.945,329.05,156.557,42.382,25499.881,25.499881
554,New Zealand,301.256,321.707,0.692,303.246,324.477,346.758,324.444,294.622,278.415,313.459,314.028,311.981,316.71,281.813,240.499,213.606,148.226,97.32,55.323,27.178,6.473,4822.233,4.822233
242,Fiji,89.39,82.927,0.002,75.208,71.883,70.062,66.837,68.117,57.042,49.481,87.75,47.401,44.036,34.16,22.959,15.417,8.216,4.051,1.222,0.257,0.026,896.444,0.896444
540,New Caledonia,19.798,21.807,0.009,21.396,23.349,19.843,20.797,20.694,19.726,21.097,21.516,18.244,16.707,12.832,9.963,8.094,5.209,2.828,1.133,0.379,0.07,285.491,0.285491
598,Papua New Guinea,1107.184,994.174,0.003,923.709,836.809,717.375,636.511,584.026,510.591,427.793,1043.164,348.733,280.386,217.02,155.066,89.797,46.858,20.258,6.242,1.244,0.084,8947.027,8.947027
90,Solomon Islands,103.156,78.791,0.004,70.034,60.995,50.835,42.609,39.441,37.09,31.58,93.014,22.806,17.889,13.425,9.553,7.157,4.836,2.265,1.083,0.268,0.047,686.878,0.686878
548,Vanuatu,42.08,37.092,0,29.834,25.909,24.859,22.997,18.006,16.116,13.076,38.805,11.562,8.983,6.75,4.687,3.149,1.689,1.211,0.297,0.044,0.004,307.15,0.30715
316,Guam,13.545,13.29,0.011,13.871,13.827,13.204,11.718,10.117,9.66,10.276,13.435,10.225,9.939,7.891,6.44,4.953,2.828,2.08,1.071,0.331,0.071,168.783,0.168783
296,Kiribati,15.16,13.438,0.002,10.194,10.897,9.627,9.061,7.543,6.24,4.933,14.303,5.432,4.556,3.028,2.113,1.462,0.868,0.373,0.148,0.056,0.012,119.446,0.119446
583,Micronesia (Fed. States of),12.265,11.829,0,11.47,11.648,10.7,8.263,6.825,5.978,5.451,11.783,5.111,4.674,3.974,2.758,1.403,0.526,0.253,0.09,0.018,0.002,115.021,0.115021
258,French Polynesia,20.092,22.79,0.008,21.344,21.458,18.922,22.667,20.7,18.914,20.674,19.542,18.952,16.697,12.68,10.362,5.881,4.942,2.453,1.393,0.356,0.077,280.904,0.280904
882,Samoa,26.99,22.684,0,19.314,16.572,14.723,11.657,10.355,9.881,9.679,24.133,8.967,7.503,5.865,4.095,2.742,1.838,0.938,0.34,0.122,0.012,198.41,0.19841
776,Tonga,12.201,12.103,0,11.419,9.698,7.442,6.11,6.073,5.326,4.964,12.438,4.856,3.845,2.963,2.34,1.645,1.146,0.718,0.308,0.092,0.01,105.697,0.105697
112,Belarus,548.121,485.256,0.389,443.627,425.472,652.33,814.015,716.333,652.631,632.77,595.719,592.26,753.531,665.034,578.217,269.539,256.023,218.763,101.383,41.787,6.121,9449.321,9.449321
100,Bulgaria,312.73,370.613,0.179,315.268,299.467,390.45,480.839,476.752,534.664,527.321,336.652,476.55,468.154,467.298,455.294,424.6,285.768,191.839,101.275,28.222,4.51,6948.445,6.948445
203,Czechia,558.81,573.613,0.387,487.718,471.397,633.942,716.916,761.294,930.407,867.947,554.836,693.997,657.273,643.722,680.895,612.775,418.324,235.463,143.813,54.174,11.279,10708.982,10.708982
348,Hungary,461.142,483.361,0.618,485.846,517.943,633.747,612.164,644.978,814.684,773.529,447.424,648.151,553.237,636.319,670.113,475.771,370.805,239.744,132.075,45.781,12.918,9660.35,9.66035
616,Poland,1884.914,1974.514,5.024,1734.622,1965.983,2465.575,2825.848,3179.075,2958.637,2576.804,1899.957,2238.497,2324.671,2725.26,2448.887,1855.853,1044.673,884.06,557.545,239.201,57.005,37846.605,37.846605
498,Republic of Moldova,202.52,216.87,0.077,202.416,241.118,329.715,417.989,355.887,301.677,261.131,221.538,234.464,286.551,258.125,230.164,105.415,79.574,53.265,25.712,8.463,1.292,4033.963,4.033963
642,Romania,939.606,1080.761,1.162,994.545,1009.877,1076.387,1396.156,1189.744,1523.497,1502.971,965.441,1526.148,1043.01,1289.96,1245.988,927.458,602.811,536.99,274.612,93.693,16.865,19237.682,19.237682
643,Russian Federation,9271.691,8174.262,9.407,7081.775,6614.696,8993.089,12543.831,11924.724,10604.635,9770.682,9350.916,8479.651,10418.015,10073.623,8427.746,5390.381,3159.337,3485.779,1389.639,668.338,102.243,145934.46,145.93446
703,Slovakia,283.691,282.577,0.164,262.918,290.705,365.08,410.494,437.109,457.808,403.592,282.9,346.849,362.368,361.838,333.373,236.821,161.89,100.449,56.655,18.906,3.456,5459.643,5.459643
804,Ukraine,2113.85,2403.743,1.919,1979.774,2146.047,2752.444,3584.834,3624.124,3337.191,3069.213,2475.661,2802.958,3103.779,2927.644,2612.212,1769.077,1214.353,1187.162,412.197,188.148,27.429,43733.759,43.733759
830,Channel Islands,8.702,8.47,0.073,9.31,10.437,11.332,11.779,12.11,11.623,13.291,8.861,13.714,12.464,10.619,9.393,7.644,5.649,4.274,2.535,1.207,0.372,173.859,0.173859
208,Denmark,308.596,337.045,1.326,338.903,373.946,402.016,355.016,317.274,360.966,377.241,297.433,421.735,388.391,345.703,308.827,351.301,234.837,147.182,78.137,36.193,10.135,5792.203,5.792203
233,Estonia,69.176,75.193,0.138,62.295,58.008,87.546,101.57,92.061,88.573,96.365,74.485,76.415,88.868,85.725,83.747,53.147,54.282,43.508,23.427,10.146,1.864,1326.539,1.326539
246,Finland,264.132,310.362,0.975,296.298,313.253,359.1,347.432,359.148,345.452,314.108,304.547,351.007,369.548,356.648,355.677,357.602,225.386,159.123,96.401,44.211,10.308,5540.718,5.540718
352,Iceland,20.439,23.213,0.051,21.495,22.239,25.559,23.306,23.565,21.816,21.15,22.631,20.726,21.385,20.411,17.125,13.941,9.474,6.149,4.272,1.835,0.468,341.25,0.34125
372,Ireland,313.653,356.711,0.64,312.036,289.684,277.653,310.946,384.982,395.554,367.674,358.29,312.197,288.736,249.848,230.937,196.806,133.857,88.108,45.73,18.39,5.364,4937.796,4.937796
428,Latvia,114.02,102.172,0.559,86.552,69.531,118.692,142.259,120.963,120.748,133.139,93.749,119.177,145.065,129.931,120.213,74.721,87.983,49.474,34.973,17.612,4.669,1886.202,1.886202
440,Lithuania,145.118,120.68,0.571,122.161,133.645,183.233,186.363,151.202,161.179,194.73,155.557,184.854,235.704,186.583,166.228,108.457,114.826,83.342,55.827,25.757,6.274,2722.291,2.722291
578,Norway,301.748,321.226,1.08,321.805,353.269,373.114,376.835,361.889,347.418,377.512,312.575,377.386,335.122,311.183,274.973,266.78,179.668,113.269,70.818,33.614,9.958,5421.242,5.421242
752,Sweden,601.45,585.901,2.27,541.226,543.786,733.144,692.949,627.35,609.202,654.921,592.501,679.405,617.242,567.133,526.735,564.149,430.095,269.777,161.722,76.911,21.401,10099.27,10.09927
826,United Kingdom,3924.49,3956.34,15.834,3686.133,4074.64,4484.067,4706.828,4588.196,4308.13,4296.121,4119.566,4634.54,4538.925,3905.016,3381.761,3388.488,2442.147,1736.567,1077.555,490.577,130.083,67886.004,67.886004
8,Albania,166.278,162.181,0.051,199.597,228.356,244.323,223.924,166.849,152.51,170.509,167.554,184.185,201.906,186.459,143.783,108.132,86.536,53.876,23.388,6.627,0.776,2877.8,2.8778
70,Bosnia and Herzegovina,133.254,181.24,0.155,165.035,216.168,187.104,216.385,242,220.803,226.935,161.958,231.338,268.844,241.967,221.828,143.428,99.07,84.515,25.473,11.15,2.165,3280.815,3.280815
191,Croatia,184.151,211.194,0.236,196.912,236.131,236.069,257.519,281.772,288.137,268.865,201.625,281.014,300.369,289.048,276.33,206.036,155.919,133.892,71.205,25.034,3.81,4105.268,4.105268
300,Greece,409.459,542.237,2.681,526.618,529.416,527.8,597.812,738.703,780.463,793.946,471.668,796.343,709.351,676.528,580.634,549.464,406.619,394.392,260.756,104.969,23.197,10423.056,10.423056
380,Italy,2324.694,2857.357,16.517,2876.091,2942.506,3160.93,3365.512,3632.922,4188.984,4833.02,2670.301,4908.246,4658.946,3953.567,3531.295,3391.798,2637.11,2302.393,1397.261,639.739,172.639,60461.828,60.461828
470,Malta,21.674,20.365,0.078,20.562,25.05,30.162,32.927,32.426,31.153,28.293,21.428,25.036,28.176,30.131,27.549,27.97,17.196,11.642,6.519,2.553,0.649,441.539,0.441539
499,Montenegro,36.906,39.389,0.012,39.148,41.268,42.928,42.561,45.787,42.874,41.048,37.037,38.143,42.177,39.754,37.191,24.534,15.904,13.154,6.343,1.696,0.208,628.062,0.628062
807,North Macedonia,111.883,112.251,0.012,121.2,130.294,152.689,162.011,163.966,154.54,145.361,115.669,145.073,137.759,129.065,115.581,79.175,54.708,34.316,14.237,3.266,0.324,2083.38,2.08338
620,Portugal,400.652,489.999,1.961,525.167,539.834,533.864,560.997,654.312,765.451,810.46,440.424,743.389,737.618,672.519,621.305,566.943,451.371,352.212,224.13,84.924,19.175,10196.707,10.196707
688,Serbia,419.057,486.863,0.107,512.868,529.169,573.297,617.923,596.961,621.552,608.342,436.763,570.649,550.859,547.854,594.617,464.141,265.541,204.461,105.409,28.003,2.934,8737.37,8.73737
705,Slovenia,101.272,104.506,0.191,91.87,96.316,109.178,133.863,149.786,158.373,146.953,108.899,151.312,149.89,145.593,139.348,97.508,79.987,59.368,37.278,14.426,3.015,2078.932,2.078932
724,Spain,1990.096,2497.954,13.083,2238.123,2255.909,2361.69,2618.972,3283.021,4000.876,3937.623,2244.391,3632.242,3414.085,2939.311,2401.343,2204.15,1811.156,1288.336,1039.117,471.255,112.05,46754.783,46.754783
40,Austria,448.166,423.838,1.155,452.37,508.761,606.616,620.374,623.042,565.684,612.581,426.016,713.443,693.557,582.363,450.957,407.288,383.149,260.228,142.473,67.309,17.03,9006.4,9.0064
56,Belgium,633.653,671.469,1.885,640.782,657.702,728.383,746.195,757.802,751.566,766.873,669.05,795.492,803.249,735.907,633.969,555.598,383.815,320.824,216.704,95.034,23.664,11589.616,11.589616
250,France,3619.987,3995.688,19.443,3887.789,3697.019,3674.01,3941.533,4069.517,3943.397,4382.27,3907.487,4363.401,4271.656,3973.248,3791.538,3523.616,2204.088,1812.327,1329.814,664.899,200.785,65273.512,65.273512
276,Germany,4058.679,3811.645,19.295,4118.971,4553.436,4823.925,5441.865,5430.155,5059.667,5183.684,3822.225,6681.221,6807.172,5820.703,4823.439,3833.823,3637.591,3259.094,1635.049,758.147,204.159,83783.945,83.783945
442,Luxembourg,33.249,31.481,0.063,34.42,39.835,45.698,49.138,49.178,46.555,48.045,32.657,48.183,42.673,34.781,27.342,22.223,15.65,12.253,8.375,3.471,0.706,625.976,0.625976
528,Netherlands,858.9,937.7,2.963,1015.992,1020.747,1076.733,1077.138,1020.393,1004.922,1146.514,893.863,1273.712,1250.36,1124.957,1004.544,952.449,639.075,438.424,261.756,106.695,27.036,17134.873,17.134873
756,Switzerland,451.829,409.669,1.695,425.198,484.186,555.543,597.572,621.652,570.855,595.733,433.116,676.756,643.866,535.823,441.612,421.519,330.474,228.8,144.798,67.468,16.454,8654.618,8.654618
124,Canada,1993.132,1983.001,8.546,1988.319,2363.469,2733.147,2626.365,2652.296,2463.309,2383.358,1977.789,2423.48,2758.953,2562.565,2150.179,1792.853,1225.823,814.597,518.702,252.681,69.593,37742.157,37.742157
840,United States of America,19676.332,21089.487,97.104,21242.908,22258.745,23835.33,23052.479,21615.791,20294.599,20053.798,20045.152,20577.807,21542.27,20669.143,17819.027,14354.863,9727.734,6461.202,3911.104,2051.136,626.636,331002.647,331.002647
